{
    "TFIDF": {
        "Precision@5": 0.09333333333333332,
        "Recall@5": 0.11777777777777777,
        "MAP": 0.11777777777777777,
        "MRR": 0.26666666666666666
    },
    "BM25": {
        "Precision@5": 0.05333333333333334,
        "Recall@5": 0.06555555555555556,
        "MAP": 0.05527777777777777,
        "MRR": 0.1357142857142857
    },
    "Dense": {
        "Precision@5": 0.05333333333333334,
        "Recall@5": 0.06555555555555556,
        "MAP": 0.03962962962962963,
        "MRR": 0.1111111111111111
    }
}